0, 0, 244562, 489117, -1, -1, -1, -1
1, 5.75874, 10158, 20031, -1, -1, -1, -1
2, 0.0427642, 10595, 65666, -1, -1, -1, -1
3, 4.13179, 79260, 428206, 1.12701e+10, 104843, 0, -1
7, 6.68749, 9762, 60646, 114636, 21.0147, -1, -1
6, 0.0520447, 15463, 90942, 114636, 20.8883, -1, -1
7, 0.94762, 10890, 66673, 114636, 16.8843, -1, -1
8, 0.498364, 10890, 59560, 5568.97, 10.786, -1, -1
9, 0.215007, 10890, 59560, 4955.66, 8.88732, -1, -1
6, 0.0380498, 12551, 66730, 4955.66, 8.40266, -1, -1
7, 0.980581, 10129, 55453, 1021.9, 7.96549, -1, -1
8, 0.271548, 10129, 54179, 1021.9, 7.42808, -1, -1
9, 0.192615, 10129, 54179, 963.173, 7.0695, -1, -1
6, 0.0345484, 11575, 60190, 963.173, 6.79902, -1, -1
7, 0.66982, 10035, 53737, 963.173, 6.99347, -1, -1
8, 0.204538, 10035, 53195, 963.173, 6.83233, -1, -1
9, 0.164497, 10035, 53195, 958.543, 6.69415, -1, -1
6, 0.0342025, 11256, 58030, 958.543, 6.49326, -1, -1
7, 0.635092, 10012, 53075, 958.543, 6.65751, -1, -1
8, 0.178724, 10012, 52830, 958.543, 6.58183, -1, -1
9, 0.161787, 10012, 52830, 535.379, 6.48438, -1, -1
6, 0.0312416, 11035, 56711, 535.379, 6.32999, -1, -1
7, 0.564022, 9991, 52670, 535.379, 6.46718, -1, -1
8, 0.16032, 9991, 52560, 535.379, 6.43474, -1, -1
9, 0.140874, 9991, 52560, 436.981, 6.39121, -1, -1
6, 0.031428, 10882, 55853, 436.981, 6.26328, -1, -1
7, 0.503371, 9970, 52502, 436.981, 6.38629, -1, -1
8, 0.152219, 9970, 52428, 436.981, 6.37151, -1, -1
9, 0.127773, 9970, 52428, 429.669, 6.34924, -1, -1
6, 0.0318138, 10810, 55440, 429.669, 6.23338, -1, -1
7, 0.498299, 9964, 52397, 429.669, 6.34694, -1, -1
8, 0.148803, 9964, 52349, 429.669, 6.33899, -1, -1
9, 0.132766, 9964, 52349, 427.147, 6.32606, -1, -1
6, 0.0317121, 10767, 55160, 427.147, 6.2176, -1, -1
7, 0.490587, 9997, 52482, 427.147, 6.31716, -1, -1
8, 0.144997, 9997, 52461, 427.147, 6.31011, -1, -1
9, 0.113401, 9997, 52461, 426.323, 6.30017, -1, -1
6, 0.0303971, 10709, 54862, 426.323, 6.20642, -1, -1
7, 0.494407, 9982, 52401, 426.323, 6.30118, -1, -1
8, 0.138978, 9982, 52379, 426.323, 6.29777, -1, -1
9, 0.108382, 9982, 52379, 426.054, 6.29103, -1, -1
6, 0.0484717, 15848, 82319, 426.054, 5.63998, -1, -1
7, 1.03121, 11980, 63496, 426.054, 5.79535, -1, -1
8, 0.312715, 11980, 63428, 426.054, 5.69264, -1, -1
9, 0.156727, 11980, 63428, 422.766, 5.56351, -1, -1
6, 0.040394, 13713, 71285, 422.766, 5.42022, -1, -1
7, 0.592313, 11923, 63257, 422.766, 5.55483, -1, -1
8, 0.221413, 11923, 63190, 422.766, 5.5119, -1, -1
9, 0.157565, 11923, 63190, 419.906, 5.45077, -1, -1
6, 0.0398092, 13171, 68500, 419.906, 5.35497, -1, -1
7, 0.539379, 11863, 62903, 419.906, 5.45403, -1, -1
8, 0.213118, 11863, 62852, 419.906, 5.43587, -1, -1
9, 0.143646, 11863, 62852, 418.841, 5.40247, -1, -1
6, 0.0361672, 12912, 67151, 418.841, 5.32718, -1, -1
7, 0.511062, 11855, 62847, 418.841, 5.40202, -1, -1
8, 0.194678, 11855, 62839, 418.841, 5.39241, -1, -1
9, 0.138047, 11855, 62839, 418.385, 5.37034, -1, -1
6, 0.0933955, 29730, 158362, 418.385, 5.03001, -1, -1
7, 1.29064, 18773, 103488, 418.385, 4.81468, -1, -1
8, 0.784629, 18773, 103171, 418.385, 4.6498, -1, -1
9, 0.234642, 18773, 103171, 417.342, 4.43588, -1, -1
6, 0.0656318, 23216, 124366, 417.342, 4.43362, -1, -1
7, 0.836135, 18704, 103045, 417.342, 4.43063, -1, -1
8, 0.429325, 18704, 102912, 417.342, 4.39032, -1, -1
9, 0.234959, 18704, 102912, 387.992, 4.30477, -1, -1
6, 0.0611017, 21911, 117700, 387.992, 4.31795, -1, -1
7, 1.07384, 18713, 103051, 387.992, 4.31053, -1, -1
8, 0.419071, 18713, 103007, 387.992, 4.29412, -1, -1
9, 0.240781, 18713, 103007, 358.697, 4.24933, -1, -1
6, 0.0613792, 21281, 114611, 358.697, 4.26451, -1, -1
7, 0.673583, 18600, 102486, 358.697, 4.25601, -1, -1
8, 0.362517, 18600, 102451, 358.697, 4.24788, -1, -1
9, 0.216114, 18600, 102451, 339.063, 4.22288, -1, -1
6, 0.0613748, 20925, 112807, 339.063, 4.23876, -1, -1
7, 0.640555, 18621, 102575, 339.063, 4.22638, -1, -1
8, 0.356246, 18621, 102533, 339.063, 4.21959, -1, -1
9, 0.193063, 18621, 102533, 327.076, 4.20247, -1, -1
6, 0.0591313, 20728, 111827, 327.076, 4.21843, -1, -1
7, 0.625009, 18577, 102321, 327.076, 4.20632, -1, -1
8, 0.356574, 18577, 102299, 327.076, 4.20218, -1, -1
9, 0.187238, 18577, 102299, 323.98, 4.19175, -1, -1
6, 0.0601424, 20588, 111113, 323.98, 4.20854, -1, -1
7, 0.609437, 18569, 102262, 323.98, 4.19531, -1, -1
8, 0.340236, 18569, 102251, 323.98, 4.19276, -1, -1
9, 0.179687, 18569, 102251, 321.349, 4.1861, -1, -1
6, 0.0591337, 20535, 110874, 321.349, 4.20372, -1, -1
7, 0.587648, 18555, 102205, 321.349, 4.1892, -1, -1
8, 0.336716, 18555, 102205, 321.349, 4.18676, -1, -1
9, 0.166313, 18555, 102205, 321.173, 4.18207, -1, -1
6, 0.135873, 43548, 233678, 321.173, 4.493, -1, -1
7, 1.6621, 26903, 150274, 321.173, 4.13292, -1, -1
8, 0.997354, 26903, 149625, 321.173, 4.02059, -1, -1
9, 0.291455, 26903, 149625, 321.1, 3.86162, -1, -1
6, 0.092052, 33874, 183107, 321.1, 3.97011, -1, -1
7, 1.08153, 26567, 148226, 321.1, 3.8667, -1, -1
8, 0.611396, 26567, 148093, 321.1, 3.84438, -1, -1
9, 0.280691, 26567, 148093, 320.998, 3.78071, -1, -1
6, 0.0563643, 30294, 166917, 320.998, 3.88067, -1, -1
7, 1.48123, 27190, 151768, 320.998, 3.8024, -1, -1
8, 0.604126, 27190, 151685, 320.998, 3.79044, -1, -1
9, 0.274133, 27190, 151685, 319.288, 3.74883, -1, -1
6, 0.0853073, 28859, 159249, 319.288, 3.78497, -1, -1
7, 1.10503, 26993, 150643, 319.288, 3.75364, -1, -1
8, 0.538262, 26993, 150628, 319.288, 3.75036, -1, -1
9, 0.26927, 26993, 150628, 314.276, 3.73098, -1, -1
6, 0.0825594, 28392, 156774, 314.276, 3.76039, -1, -1
7, 1.11158, 26917, 150221, 314.276, 3.73576, -1, -1
8, 0.509986, 26917, 150203, 314.276, 3.73356, -1, -1
9, 0.242281, 26917, 150203, 309.509, 3.72269, -1, -1
6, 0.0834585, 28198, 155729, 309.509, 3.74985, -1, -1
7, 1.05195, 26882, 150036, 309.509, 3.7268, -1, -1
8, 0.51077, 26882, 150031, 309.509, 3.72586, -1, -1
9, 0.248944, 26882, 150031, 308.221, 3.71897, -1, -1
6, 0.0835539, 28098, 155211, 308.221, 3.7446, -1, -1
7, 1.00929, 26865, 149954, 308.221, 3.72272, -1, -1
8, 0.509805, 26865, 149943, 308.221, 3.72152, -1, -1
9, 0.233086, 26865, 149943, 308.003, 3.71645, -1, -1
6, 0.0803192, 27444, 152158, 308.003, 3.7262, -1, -1
7, 1.12999, 26852, 149880, 308.003, 3.71946, -1, -1
8, 0.505568, 26852, 149884, 308.003, 3.71726, -1, -1
9, 0.21325, 26852, 149884, 304.177, 3.71227, -1, -1
6, 0.0828271, 27320, 151498, 304.177, 3.71793, -1, -1
7, 1.10798, 26850, 149882, 304.177, 3.71348, -1, -1
8, 0.506966, 26850, 149884, 304.177, 3.71294, -1, -1
9, 0.20383, 26850, 149884, 284.526, 3.71023, -1, -1
6, 0.0798009, 27273, 151255, 284.526, 3.71465, -1, -1
7, 1.11116, 26844, 149854, 284.526, 3.71071, -1, -1
8, 0.502817, 26844, 149851, 284.526, 3.71055, -1, -1
9, 0.201638, 26844, 149851, 233.562, 3.70887, -1, -1
6, 0.0804957, 27256, 151161, 233.562, 3.71278, -1, -1
7, 1.10284, 26840, 149831, 233.562, 3.70898, -1, -1
8, 0.501011, 26840, 149830, 233.562, 3.70887, -1, -1
9, 0.210366, 26840, 149830, 228.227, 3.70819, -1, -1
6, 0.0784517, 27236, 151064, 228.227, 3.71174, -1, -1
7, 1.08641, 26840, 149831, 228.227, 3.70833, -1, -1
8, 0.502431, 26840, 149833, 228.227, 3.70831, -1, -1
9, 0.197808, 26840, 149833, 225.708, 3.70798, -1, -1
6, 0.0818212, 27231, 151038, 225.708, 3.71156, -1, -1
7, 1.07012, 26836, 149814, 225.708, 3.70813, -1, -1
8, 0.496626, 26836, 149813, 225.708, 3.70806, -1, -1
9, 0.195978, 26836, 149813, 223.912, 3.70765, -1, -1
6, 0.0806063, 27231, 151047, 223.912, 3.71131, -1, -1
7, 1.08174, 26836, 149815, 223.912, 3.70797, -1, -1
8, 0.504469, 26836, 149815, 223.912, 3.70784, -1, -1
9, 0.463821, 26836, 149815, 223.912, 3.7076, -1, -1
6, 0.0814444, 27183, 150816, 223.912, 3.71115, -1, -1
7, 1.09779, 26834, 149803, 223.912, 3.70815, -1, -1
8, 0.607661, 26834, 149805, 223.912, 3.70812, -1, -1
9, 0.205271, 26834, 149805, 223.912, 3.70763, -1, -1
6, 0.115272, 27182, 150807, 223.912, 3.71046, -1, -1
7, 2.19004, 26841, 149842, 223.912, 3.70788, -1, -1
8, 0.941479, 26841, 149842, 223.912, 3.70786, -1, -1
9, 0.207337, 26841, 149842, 223.912, 3.70754, -1, -1
6, 0.079467, 27221, 151021, 223.912, 3.71292, -1, -1
7, 1.14488, 26847, 149876, 223.912, 3.7085, -1, -1
8, 0.524168, 26847, 149874, 223.912, 3.70829, -1, -1
9, 0.193826, 26847, 149874, 223.912, 3.70777, -1, -1
6, 0.0692214, 27226, 151043, 223.912, 3.71243, -1, -1
7, 1.13775, 26850, 149897, 223.912, 3.70802, -1, -1
8, 0.501999, 26850, 149898, 223.912, 3.70785, -1, -1
9, 0.194909, 26850, 149898, 223.912, 3.70724, -1, -1
6, 0.0798372, 27214, 150992, 223.912, 3.7115, -1, -1
7, 1.12813, 26860, 149953, 223.912, 3.70807, -1, -1
8, 0.505505, 26860, 149950, 223.912, 3.70804, -1, -1
9, 0.194786, 26860, 149950, 223.912, 3.70758, -1, -1
6, 0.080408, 27224, 151036, 223.912, 3.71172, -1, -1
7, 1.13845, 26857, 149935, 223.912, 3.70787, -1, -1
8, 0.501058, 26857, 149935, 223.912, 3.70777, -1, -1
9, 0.189479, 26857, 149935, 223.912, 3.70735, -1, -1
6, 0.0791174, 27224, 151036, 223.912, 3.71191, -1, -1
7, 1.09872, 26863, 149974, 223.912, 3.70838, -1, -1
8, 0.502962, 26863, 149966, 223.912, 3.70787, -1, -1
9, 0.189671, 26863, 149966, 216.119, 3.70724, -1, -1
6, 0.0805021, 27221, 151016, 216.119, 3.71099, -1, -1
7, 1.0973, 26865, 149980, 216.119, 3.70767, -1, -1
8, 0.502176, 26865, 149980, 216.119, 3.70748, -1, -1
9, 0.186051, 26865, 149980, 197.158, 3.70709, -1, -1
6, 0.0784371, 27222, 151015, 197.158, 3.71093, -1, -1
7, 1.11768, 26863, 149966, 197.158, 3.70785, -1, -1
8, 0.501949, 26863, 149966, 197.158, 3.70774, -1, -1
9, 0.184945, 26863, 149966, 197.158, 3.7072, -1, -1
6, 0.0792513, 27223, 151019, 197.158, 3.71118, -1, -1
7, 1.19582, 26863, 149967, 197.158, 3.70749, -1, -1
8, 0.501268, 26863, 149964, 197.158, 3.7073, -1, -1
9, 0.184384, 26863, 149964, 197.034, 3.70697, -1, -1
6, 0.0776325, 27224, 151025, 197.034, 3.71109, -1, -1
7, 1.11294, 26856, 149925, 197.034, 3.70755, -1, -1
8, 0.523898, 26856, 149925, 197.034, 3.70743, -1, -1
9, 0.183148, 26856, 149925, 197.034, 3.70701, -1, -1
6, 0.080562, 27229, 151049, 197.034, 3.7117, -1, -1
7, 1.53377, 26861, 149953, 197.034, 3.7075, -1, -1
8, 0.714313, 26861, 149955, 197.034, 3.7073, -1, -1
9, 0.182999, 26861, 149955, 190.714, 3.70697, -1, -1
6, 0.0797741, 27236, 151078, 190.714, 3.71218, -1, -1
7, 1.32972, 26866, 149979, 190.714, 3.70796, -1, -1
8, 0.505334, 26866, 149983, 190.714, 3.70776, -1, -1
9, 0.18228, 26866, 149983, 190.039, 3.70709, -1, -1
6, 0.0802481, 27247, 151135, 190.039, 3.71235, -1, -1
7, 1.13204, 26866, 149984, 190.039, 3.70777, -1, -1
8, 0.505432, 26866, 149979, 190.039, 3.70721, -1, -1
9, 0.176431, 26866, 149979, 189.856, 3.7069, -1, -1
6, 0.0806233, 27229, 151044, 189.856, 3.71117, -1, -1
7, 1.12582, 26864, 149972, 189.856, 3.70731, -1, -1
8, 0.493171, 26864, 149971, 189.856, 3.70724, -1, -1
9, 0.175696, 26864, 149971, 189.856, 3.70686, -1, -1
6, 0.078984, 27227, 151043, 189.856, 3.71098, -1, -1
7, 1.11119, 26869, 149999, 189.856, 3.70751, -1, -1
8, 0.541093, 26869, 149998, 189.856, 3.70728, -1, -1
9, 0.177636, 26869, 149998, 189.856, 3.70689, -1, -1
6, 0.0801748, 27224, 151026, 189.856, 3.71047, -1, -1
7, 1.09594, 26867, 149986, 189.856, 3.70717, -1, -1
8, 0.498964, 26867, 149987, 189.856, 3.70717, -1, -1
9, 0.175831, 26867, 149987, 189.856, 3.70691, -1, -1
6, 0.0808204, 27217, 150987, 189.856, 3.71004, -1, -1
7, 1.11068, 26867, 149985, 189.856, 3.70696, -1, -1
8, 0.501043, 26867, 149985, 189.856, 3.7069, -1, -1
9, 0.173163, 26867, 149985, 189.856, 3.7068, -1, -1
6, 0.0799456, 27212, 150961, 189.856, 3.70977, -1, -1
7, 1.1142, 26864, 149972, 189.856, 3.7069, -1, -1
8, 0.505536, 26864, 149970, 189.856, 3.70685, -1, -1
9, 0.192168, 26864, 149970, 189.143, 3.70677, -1, -1
6, 0.0794883, 27216, 150983, 189.143, 3.71022, -1, -1
7, 1.11894, 26865, 149975, 189.143, 3.70708, -1, -1
8, 0.503689, 26865, 149975, 189.143, 3.70688, -1, -1
9, 0.170993, 26865, 149975, 188.191, 3.70675, -1, -1
6, 0.0800906, 27209, 150949, 188.191, 3.70978, -1, -1
7, 1.09202, 26865, 149973, 188.191, 3.70721, -1, -1
8, 0.50162, 26865, 149973, 188.191, 3.70708, -1, -1
9, 0.171946, 26865, 149973, 186.381, 3.70686, -1, -1
6, 0.0766301, 27211, 150950, 186.381, 3.70944, -1, -1
7, 1.11308, 26865, 149971, 186.381, 3.70691, -1, -1
8, 0.497219, 26865, 149971, 186.381, 3.70683, -1, -1
9, 0.170581, 26865, 149971, 183.177, 3.7067, -1, -1
6, 0.0792533, 27206, 150928, 183.177, 3.70943, -1, -1
7, 1.09577, 26862, 149958, 183.177, 3.7068, -1, -1
8, 0.502712, 26862, 149958, 183.177, 3.70676, -1, -1
9, 0.176792, 26862, 149958, 182.651, 3.70667, -1, -1
6, 0.0810699, 27213, 150965, 182.651, 3.70985, -1, -1
7, 1.22254, 26863, 149963, 182.651, 3.70674, -1, -1
8, 0.502777, 26863, 149963, 182.651, 3.70666, -1, -1
9, 0.17109, 26863, 149963, 182.651, 3.70664, -1, -1
6, 0.0781605, 27210, 150951, 182.651, 3.70972, -1, -1
7, 1.13438, 26862, 149958, 182.651, 3.7068, -1, -1
8, 0.565736, 26862, 149958, 182.651, 3.70678, -1, -1
9, 0.210201, 26862, 149958, 182.651, 3.7067, -1, -1
6, 0.0815532, 27214, 150968, 182.651, 3.70977, -1, -1
7, 1.16068, 26866, 149978, 182.651, 3.70686, -1, -1
8, 0.502323, 26866, 149977, 182.651, 3.70674, -1, -1
9, 0.173202, 26866, 149977, 182.651, 3.70664, -1, -1
6, 0.080085, 27218, 150986, 182.651, 3.71014, -1, -1
7, 1.15179, 26866, 149979, 182.651, 3.70696, -1, -1
8, 0.50081, 26866, 149979, 182.651, 3.70684, -1, -1
9, 0.184739, 26866, 149979, 182.651, 3.70667, -1, -1
6, 0.0797124, 27223, 151015, 182.651, 3.71022, -1, -1
7, 1.1027, 26868, 149989, 182.651, 3.70687, -1, -1
8, 0.507355, 26868, 149988, 182.651, 3.70671, -1, -1
9, 0.17076, 26868, 149988, 182.651, 3.70667, -1, -1
6, 0.079365, 27226, 151031, 182.651, 3.71048, -1, -1
7, 1.28883, 26865, 149976, 182.651, 3.70732, -1, -1
8, 0.662815, 26865, 149976, 182.651, 3.70722, -1, -1
9, 0.201481, 26865, 149976, 182.651, 3.70688, -1, -1
6, 0.0779945, 27224, 151017, 182.651, 3.71025, -1, -1
7, 1.2017, 26868, 149988, 182.651, 3.7071, -1, -1
8, 0.791164, 26868, 149988, 182.651, 3.70701, -1, -1
9, 0.190785, 26868, 149988, 181.473, 3.70673, -1, -1
6, 0.0792078, 27218, 150989, 181.473, 3.71006, -1, -1
7, 1.20495, 26863, 149962, 181.473, 3.70693, -1, -1
8, 0.517075, 26863, 149961, 181.473, 3.70685, -1, -1
9, 0.176634, 26863, 149961, 180.546, 3.7067, -1, -1
6, 0.0807783, 27212, 150962, 180.546, 3.70985, -1, -1
7, 1.14572, 26862, 149957, 180.546, 3.70706, -1, -1
8, 0.506459, 26862, 149957, 180.546, 3.70689, -1, -1
9, 0.171061, 26862, 149957, 177.704, 3.70668, -1, -1
6, 0.078343, 27211, 150955, 177.704, 3.70971, -1, -1
7, 1.15084, 26855, 149919, 177.704, 3.70677, -1, -1
8, 0.508094, 26855, 149918, 177.704, 3.70672, -1, -1
9, 0.392236, 26855, 149918, 175.571, 3.70655, -1, -1
6, 0.0685243, 27209, 150944, 175.571, 3.70977, -1, -1
7, 1.1049, 26859, 149937, 175.571, 3.70699, -1, -1
8, 0.489871, 26859, 149935, 175.571, 3.70694, -1, -1
9, 0.166755, 26859, 149935, 175.488, 3.70658, -1, -1
6, 0.0798808, 27210, 150951, 175.488, 3.70973, -1, -1
7, 1.06967, 26863, 149959, 175.488, 3.70695, -1, -1
8, 0.812584, 26863, 149958, 175.488, 3.7069, -1, -1
9, 0.34992, 26863, 149958, 174.165, 3.70657, -1, -1
6, 0.0793327, 27213, 150964, 174.165, 3.70989, -1, -1
7, 1.07672, 26861, 149951, 174.165, 3.70671, -1, -1
8, 0.494901, 26861, 149950, 174.165, 3.70658, -1, -1
9, 0.187354, 26861, 149950, 173.958, 3.70642, -1, -1
6, 0.0766264, 27209, 150948, 173.958, 3.70951, -1, -1
7, 1.06203, 26859, 149937, 173.958, 3.70666, -1, -1
8, 0.491421, 26859, 149937, 173.958, 3.70664, -1, -1
9, 0.167029, 26859, 149937, 173.953, 3.70649, -1, -1
6, 0.0792958, 27206, 150928, 173.953, 3.70949, -1, -1
7, 1.13392, 26858, 149930, 173.953, 3.70661, -1, -1
8, 0.496937, 26858, 149929, 173.953, 3.70652, -1, -1
9, 0.168525, 26858, 149929, 173.953, 3.70641, -1, -1
6, 0.0798106, 27207, 150932, 173.953, 3.70968, -1, -1
7, 1.10719, 26855, 149917, 173.953, 3.70653, -1, -1
8, 0.497528, 26855, 149916, 173.953, 3.70641, -1, -1
9, 0.172957, 26855, 149916, 173.953, 3.70635, -1, -1
6, 0.0799732, 27218, 150985, 173.953, 3.71045, -1, -1
7, 1.10291, 26858, 149933, 173.953, 3.70667, -1, -1
8, 0.501034, 26858, 149933, 173.953, 3.70655, -1, -1
9, 0.166317, 26858, 149933, 173.953, 3.70639, -1, -1
6, 0.0800113, 27222, 151013, 173.953, 3.71079, -1, -1
7, 1.08388, 26860, 149946, 173.953, 3.7068, -1, -1
8, 0.489056, 26860, 149945, 173.953, 3.70668, -1, -1
9, 0.16929, 26860, 149945, 173.953, 3.70651, -1, -1
6, 0.0780055, 27224, 151016, 173.953, 3.71069, -1, -1
7, 1.06285, 26861, 149949, 173.953, 3.70674, -1, -1
8, 0.48771, 26861, 149947, 173.953, 3.70662, -1, -1
9, 0.295604, 26861, 149947, 173.902, 3.70647, -1, -1
6, 0.0945078, 27230, 151046, 173.902, 3.71065, -1, -1
7, 1.18904, 26862, 149958, 173.902, 3.70715, -1, -1
8, 0.488975, 26862, 149956, 173.902, 3.70703, -1, -1
9, 0.1651, 26862, 149956, 173.902, 3.70667, -1, -1
6, 0.0809621, 27230, 151047, 173.902, 3.71122, -1, -1
7, 1.07042, 26868, 149986, 173.902, 3.70718, -1, -1
8, 0.491605, 26868, 149987, 173.902, 3.70705, -1, -1
9, 0.165171, 26868, 149987, 173.902, 3.70672, -1, -1
6, 0.0753795, 27223, 151013, 173.902, 3.71036, -1, -1
7, 1.0723, 26865, 149971, 173.902, 3.70707, -1, -1
8, 0.489907, 26865, 149972, 173.902, 3.70704, -1, -1
9, 0.165011, 26865, 149972, 173.902, 3.70669, -1, -1
7, 1.07551, 26849, 149893, 173.902, 3.70649, -1, -1
4, 151.706, 26849, 149893, 173.902, 3.70649, -1, -1
5, 0.300813, 14957, 52718, 45.4293, 3.71371, -1, -1
-1, 161.94, 14957, 52718, 45.4293, 3.71371, 0, 325
